date,id,price,url
2018-10-13 12:03:07 开售,/product/2ee5af8c83ef42a79d8e089254d55320/show?page=,"24,200 元",https://www.madailicai.com/product/list/1
2018-10-12 18:48:06 开售,/product/a3863e43148348e7a7cc04b3ab55151d/show?page=,"79,600 元",https://www.madailicai.com/product/list/5
2018-10-13 12:18:10 开售,/product/51f77041bd9e4b51a2c631910d2a6839/show?page=,"24,200 元",https://www.madailicai.com/product/list/1
2018-10-13 13:18:06 开售,/product/7ade550ddf904eb2a767acc08b4e0a11/show?page=,"21,400 元",https://www.madailicai.com/product/list/1
2018-10-12 23:48:08 开售,/product/3034892d807b459b94554f557b4678db/show?page=,"39,900 元",https://www.madailicai.com/product/list/3
2018-10-12 18:03:05 开售,/product/8d475188af174c74a325c9a4588f5ad3/show?page=,"75,600 元",https://www.madailicai.com/product/list/9
2018-10-12 18:03:05 开售,/product/896af91a97244bcaa5a54a9ef826617f/show?page=,"57,900 元",https://www.madailicai.com/product/list/9
2018-10-12 18:03:07 开售,/product/a2e90de0f3de41f4847ff012cf2cc423/show?page=,"144,700 元",https://www.madailicai.com/product/list/9
2018-10-12 18:03:09 开售,/product/69568c9098eb4cd9b88c2aab39013b70/show?page=,"121,000 元",https://www.madailicai.com/product/list/9
2018-10-12 18:03:09 开售,/product/dd28f71d4ee34b84b68f290468acd0ed/show?page=,"95,000 元",https://www.madailicai.com/product/list/9
2018-10-13 19:48:06 开售,/product/a83d681ee02747b999119da0790accf6/show?type=xqd&productType=XIAOHUA_LOAN_REQUEST,"5,882 元",https://www.madailicai.com/whiteCollar/list/4
2018-10-12 18:03:05 开售,/product/18c43a93e1a6495b853bb9009c3b37bd/show?page=,"104,200 元",https://www.madailicai.com/product/list/9
2018-10-13 19:48:06 开售,/product/70545bf10a384e21928a82992d898664/show?type=xqd&productType=XIAOHUA_LOAN_REQUEST,"15,422 元",https://www.madailicai.com/whiteCollar/list/3
2018-10-13 19:18:05 开售,/product/04ddada8c4284310884a8ce563b8f976/show?type=xqd&productType=XIAOHUA_LOAN_REQUEST,"3,666 元",https://www.madailicai.com/whiteCollar/list/7
2018-10-13 19:33:02 开售,/product/e81503fadc9c456f9846c99051b6a3c8/show?type=xqd&productType=XIAOHUA_LOAN_REQUEST_C,"7,310 元",https://www.madailicai.com/whiteCollar/list/6
2018-10-13 19:18:01 开售,/product/b3dd0bb0dd2c49cc85ddc8de329fdf79/show?type=xqd&productType=XIAOHUA_LOAN_REQUEST,"2,869 元",https://www.madailicai.com/whiteCollar/list/8
2018-10-13 19:18:03 开售,/product/b5f4e64011df46d78a2759e3c3786cce/show?type=xqd&productType=XIAOHUA_LOAN_REQUEST_C,"2,193 元",https://www.madailicai.com/whiteCollar/list/8
2018-10-13 19:18:02 开售,/product/27df888d186b486e9b61a360154b05d4/show?type=xqd&productType=XIAOHUA_LOAN_REQUEST_C,"8,772 元",https://www.madailicai.com/whiteCollar/list/8
2018-10-12 18:03:02 开售,/product/8cb80550280c43878a377f53ede54a52/show?page=,"177,000 元",https://www.madailicai.com/product/list/9
2018-10-13 19:18:01 开售,/product/5f34ade55eb8495cb8a3bc8cafacdbcd/show?type=xqd&productType=XIAOHUA_LOAN_REQUEST,"1,466 元",https://www.madailicai.com/whiteCollar/list/8
2018-10-13 19:18:03 开售,/product/79af56dbe106431ca2a6222b57d5f4f7/show?type=xqd&productType=XIAOHUA_LOAN_REQUEST,"1,872 元",https://www.madailicai.com/whiteCollar/list/8
2018-10-13 19:18:05 开售,/product/7cd15baf4bd24b3abd0c2d17512896ce/show?type=xqd&productType=XIAOHUA_LOAN_REQUEST,"11,786 元",https://www.madailicai.com/whiteCollar/list/8
2018-10-13 19:18:05 开售,/product/03911cda11fc46c9bef4c18282508f37/show?type=xqd&productType=XIAOHUA_LOAN_REQUEST_C,"4,386 元",https://www.madailicai.com/whiteCollar/list/8
2018-10-13 19:18:02 开售,/product/8ee4814ecfa74a65b182a56b34399a4b/show?type=xqd&productType=XIAOHUA_LOAN_REQUEST,"7,359 元",https://www.madailicai.com/whiteCollar/list/8
2018-10-13 19:18:02 开售,/product/a222129cbda74b8ab503751af947f997/show?type=xqd&productType=XIAOHUA_LOAN_REQUEST,"5,109 元",https://www.madailicai.com/whiteCollar/list/8
2018-10-13 19:18:03 开售,/product/f4f2b979a6234fa4ab960a19d5306d6c/show?type=xqd&productType=XIAOHUA_LOAN_REQUEST,"2,351 元",https://www.madailicai.com/whiteCollar/list/8
2018-10-13 19:03:03 开售,/product/71cc4aedceee4016a086bfa68eebd7ac/show?type=xqd&productType=XIAOHUA_LOAN_REQUEST,"10,265 元",https://www.madailicai.com/whiteCollar/list/9
2018-10-13 19:18:02 开售,/product/550cf3d33174484298d6464127262791/show?type=xqd&productType=XIAOHUA_LOAN_REQUEST_C,"1,462 元",https://www.madailicai.com/whiteCollar/list/9
2018-10-13 19:03:01 开售,/product/0c6250398117440d821dcf0351d6051e/show?type=xqd&productType=XIAOHUA_LOAN_REQUEST,"2,875 元",https://www.madailicai.com/whiteCollar/list/9
2018-10-13 19:18:04 开售,/product/555676bad3604fc1837c9cf9a738b4db/show?type=xqd&productType=XIAOHUA_LOAN_REQUEST,"4,113 元",https://www.madailicai.com/whiteCollar/list/9
2018-10-13 19:18:04 开售,/product/3a16be637d76427fa97da9c0c39f0343/show?type=xqd&productType=XIAOHUA_LOAN_REQUEST,"15,770 元",https://www.madailicai.com/whiteCollar/list/9
2018-10-13 19:18:06 开售,/product/ba21b719f1bf44ffa11849a6f5c54e07/show?type=xqd&productType=XIAOHUA_LOAN_REQUEST,"1,460 元",https://www.madailicai.com/whiteCollar/list/9
2018-10-13 19:18:06 开售,/product/db3516a240a4412797e44b7da2bf741e/show?type=xqd&productType=XIAOHUA_LOAN_REQUEST,"2,582 元",https://www.madailicai.com/whiteCollar/list/9
2018-10-13 19:18:01 开售,/product/b0871eeb24324a70a162d72829e49af3/show?type=xqd&productType=XIAOHUA_LOAN_REQUEST,"1,435 元",https://www.madailicai.com/whiteCollar/list/9
2018-10-13 19:33:02 开售,/product/14eb28b0e9cc49a9924db2f78e1ffdde/show?type=xqd&productType=XIAOHUA_LOAN_REQUEST,"15,688 元",https://www.madailicai.com/whiteCollar/list/5
2018-10-13 19:18:03 开售,/product/e94f13b242e34f3687fc931720fe3db1/show?type=xqd&productType=XIAOHUA_LOAN_REQUEST,"8,782 元",https://www.madailicai.com/whiteCollar/list/9
2018-10-13 19:33:02 开售,/product/3aebc551015c49b799b71d6cf4bb0870/show?type=xqd&productType=XIAOHUA_LOAN_REQUEST,"10,568 元",https://www.madailicai.com/whiteCollar/list/5
2018-10-13 19:18:05 开售,/product/d87cf6f426864cb0a7f36e7c80d5e0ac/show?type=xqd&productType=XIAOHUA_LOAN_REQUEST,"1,468 元",https://www.madailicai.com/whiteCollar/list/9
2018-10-13 19:33:02 开售,/product/f83362bea3e147e5963fb99ec38b17f7/show?type=xqd&productType=XIAOHUA_LOAN_REQUEST,"2,933 元",https://www.madailicai.com/whiteCollar/list/5
2018-10-13 19:33:04 开售,/product/838cfb8895c143c7b928a62f6c81d845/show?type=xqd&productType=XIAOHUA_LOAN_REQUEST,"1,755 元",https://www.madailicai.com/whiteCollar/list/5
2018-10-13 19:33:01 开售,/product/545b51c504fa410184f5047d13583ce2/show?type=xqd&productType=XIAOHUA_LOAN_REQUEST,"3,211 元",https://www.madailicai.com/whiteCollar/list/5
2018-10-13 19:33:01 开售,/product/3d35e4e32c3b4e3c91f46bc89236395a/show?type=xqd&productType=XIAOHUA_LOAN_REQUEST,"1,903 元",https://www.madailicai.com/whiteCollar/list/5
2018-10-13 19:48:03 开售,/product/6e8ff522d3b9431baef3455487b9eb6b/show?type=xqd&productType=XIAOHUA_LOAN_REQUEST_C,"15,304 元",https://www.madailicai.com/whiteCollar/list/5
2018-10-13 19:33:03 开售,/product/0ce91cf29eb144abb28e6fdeb1cf38e8/show?type=xqd&productType=XIAOHUA_LOAN_REQUEST,"2,869 元",https://www.madailicai.com/whiteCollar/list/5
2018-10-13 19:48:01 开售,/product/cc012e7886194a04a0701a87ef0b69f8/show?type=xqd&productType=XIAOHUA_LOAN_REQUEST,"4,320 元",https://www.madailicai.com/whiteCollar/list/5
2018-10-13 19:48:01 开售,/product/9c74a4b7d717464c95473b6b9c5eefcb/show?type=xqd&productType=XIAOHUA_LOAN_REQUEST,"3,686 元",https://www.madailicai.com/whiteCollar/list/5
2018-10-13 19:33:04 开售,/product/8940fb502aa84309b37a363a12afdf55/show?type=xqd&productType=XIAOHUA_LOAN_REQUEST_C,"4,678 元",https://www.madailicai.com/whiteCollar/list/6
2018-10-13 19:33:03 开售,/product/b03cbc3b16504b8f850cdb9fcd5e861c/show?type=xqd&productType=XIAOHUA_LOAN_REQUEST_C,"8,772 元",https://www.madailicai.com/whiteCollar/list/6
2018-10-13 19:33:02 开售,/product/14976be6a8734b439b6640db51754392/show?type=xqd&productType=XIAOHUA_LOAN_REQUEST_C,"7,310 元",https://www.madailicai.com/whiteCollar/list/6
2018-10-13 19:33:03 开售,/product/afeb241cee804551a5fcbc72c271b938/show?type=xqd&productType=XIAOHUA_LOAN_REQUEST_C,"4,094 元",https://www.madailicai.com/whiteCollar/list/6
2018-10-13 19:33:01 开售,/product/f8d9ae21eb7849e2924d154833b8fab3/show?type=xqd&productType=XIAOHUA_LOAN_REQUEST_C,"1,901 元",https://www.madailicai.com/whiteCollar/list/6
2018-10-13 19:33:01 开售,/product/7a51e85215ea48d3a9ea54263ea02977/show?type=xqd&productType=XIAOHUA_LOAN_REQUEST_C,"15,304 元",https://www.madailicai.com/whiteCollar/list/6
2018-10-13 19:33:03 开售,/product/b815767208494b35844662eafc55eb2a/show?type=xqd&productType=XIAOHUA_LOAN_REQUEST,"15,504 元",https://www.madailicai.com/whiteCollar/list/6
2018-10-13 19:33:02 开售,/product/ef83bb2160484a34b8e588f8027ed01b/show?type=xqd&productType=XIAOHUA_LOAN_REQUEST,"2,869 元",https://www.madailicai.com/whiteCollar/list/6
2018-10-13 19:48:07 开售,/product/c040d6d4e69f44399256f53ec681ef36/show?type=xqd&productType=XIAOHUA_LOAN_REQUEST_C,"2,924 元",https://www.madailicai.com/whiteCollar/list/2
2018-10-13 19:48:03 开售,/product/6fd653318c2740a5a641b24095b71dec/show?type=xqd&productType=XIAOHUA_LOAN_REQUEST_C,"1,901 元",https://www.madailicai.com/whiteCollar/list/2
2018-10-13 19:48:05 开售,/product/bf9306039c2248648ced38f73e292c00/show?type=xqd&productType=XIAOHUA_LOAN_REQUEST_C,"10,673 元",https://www.madailicai.com/whiteCollar/list/2
2018-10-13 20:03:02 开售,/product/29bf871c4f6b4eb7961fd12f6990616a/show?type=xqd&productType=XIAOHUA_LOAN_REQUEST_C,"19,589 元",https://www.madailicai.com/whiteCollar/list/2
2018-10-13 20:03:03 开售,/product/f44cffa56b9d4285a5c3534b58e8e57b/show?type=xqd&productType=XIAOHUA_LOAN_REQUEST_C,"1,901 元",https://www.madailicai.com/whiteCollar/list/2
2018-10-13 19:33:04 开售,/product/71dd358195a6431eb677570b4f272cfc/show?type=xqd&productType=XIAOHUA_LOAN_REQUEST,"18,506 元",https://www.madailicai.com/whiteCollar/list/6
2018-10-13 20:03:03 开售,/product/25704abe0e7740da9e3df8e30c98e580/show?type=xqd&productType=XIAOHUA_LOAN_REQUEST_C,"1,901 元",https://www.madailicai.com/whiteCollar/list/2
2018-10-13 20:03:02 开售,/product/2c17382cd90a40858ef094feb7acb6b4/show?type=xqd&productType=XIAOHUA_LOAN_REQUEST_C,"2,047 元",https://www.madailicai.com/whiteCollar/list/2
2018-10-13 20:03:01 开售,/product/992fffd68ba640608bb3f0c57283c5af/show?type=xqd&productType=XIAOHUA_LOAN_REQUEST_C,"1,462 元",https://www.madailicai.com/whiteCollar/list/2
2018-10-13 20:03:02 开售,/product/9963f3aca7e044e6a37304de61caba37/show?type=xqd&productType=XIAOHUA_LOAN_REQUEST_C,"15,304 元",https://www.madailicai.com/whiteCollar/list/2
2018-10-13 19:18:01 开售,/product/c535de4ba8f64a8eb6273cd5b02c44d7/show?type=xqd&productType=XIAOHUA_LOAN_REQUEST,"8,608 元",https://www.madailicai.com/whiteCollar/list/7
2018-10-13 19:18:04 开售,/product/649fef0b11fa4fad9609399994334a97/show?type=xqd&productType=XIAOHUA_LOAN_REQUEST,"1,460 元",https://www.madailicai.com/whiteCollar/list/7
2018-10-13 19:18:03 开售,/product/829dcfd71cb44496b54eb6a88a38dbe6/show?type=xqd&productType=XIAOHUA_LOAN_REQUEST,"1,751 元",https://www.madailicai.com/whiteCollar/list/7
2018-10-13 19:18:04 开售,/product/ddc5c88ea787486b93c75a897aa4fd69/show?type=xqd&productType=XIAOHUA_LOAN_REQUEST_C,"10,234 元",https://www.madailicai.com/whiteCollar/list/7
2018-10-13 19:18:05 开售,/product/09731afe646f4d0aaf3577a06c07bb3d/show?type=xqd&productType=XIAOHUA_LOAN_REQUEST,"4,304 元",https://www.madailicai.com/whiteCollar/list/7
2018-10-13 19:18:04 开售,/product/3e1eeaed9b654987b1a0f340dffdc5fc/show?type=xqd&productType=XIAOHUA_LOAN_REQUEST_C,"9,649 元",https://www.madailicai.com/whiteCollar/list/7
2018-10-13 19:33:03 开售,/product/1194cef8a9fa4027ba03097ad1e61aa4/show?type=xqd&productType=XIAOHUA_LOAN_REQUEST_C,"9,064 元",https://www.madailicai.com/whiteCollar/list/7
2018-10-13 19:48:04 开售,/product/8c20e9f8a333416aaf744a803de56cab/show?type=xqd&productType=XIAOHUA_LOAN_REQUEST,"2,498 元",https://www.madailicai.com/whiteCollar/list/3
2018-10-13 19:18:06 开售,/product/dd42de7e64624096a045eac0c8dff6a3/show?type=xqd&productType=XIAOHUA_LOAN_REQUEST_C,"7,602 元",https://www.madailicai.com/whiteCollar/list/7
2018-10-13 19:18:02 开售,/product/aefbf1397f884830a941fe5da5a4db43/show?type=xqd&productType=XIAOHUA_LOAN_REQUEST_C,"4,386 元",https://www.madailicai.com/whiteCollar/list/7
2018-10-13 19:48:05 开售,/product/c3c0e32ccb6240f591158c6667384968/show?type=xqd&productType=XIAOHUA_LOAN_REQUEST,"5,838 元",https://www.madailicai.com/whiteCollar/list/3
2018-10-13 19:48:07 开售,/product/024841abcd2b4775a2d755436ae99fb3/show?type=xqd&productType=XIAOHUA_LOAN_REQUEST,"6,580 元",https://www.madailicai.com/whiteCollar/list/3
2018-10-13 19:48:07 开售,/product/cc603460f82f4b87ae2d49f9ad5a7f75/show?type=xqd&productType=XIAOHUA_LOAN_REQUEST,"7,332 元",https://www.madailicai.com/whiteCollar/list/3
2018-10-13 19:48:05 开售,/product/61d7c71264f8472180390434fd1980ec/show?type=xqd&productType=XIAOHUA_LOAN_REQUEST,"4,304 元",https://www.madailicai.com/whiteCollar/list/3
2018-10-13 19:48:08 开售,/product/ff55a28202fb40b8820a43e87f9883df/show?type=xqd&productType=XIAOHUA_LOAN_REQUEST,"5,738 元",https://www.madailicai.com/whiteCollar/list/3
2018-10-13 19:48:02 开售,/product/151565e236164a4bb0e9fcee50911cac/show?type=xqd&productType=XIAOHUA_LOAN_REQUEST_C,"1,462 元",https://www.madailicai.com/whiteCollar/list/3
2018-10-13 19:48:01 开售,/product/55b6504f6bd14e95ae06715141700102/show?type=xqd&productType=XIAOHUA_LOAN_REQUEST_C,"6,140 元",https://www.madailicai.com/whiteCollar/list/4
2018-10-13 19:48:07 开售,/product/a9789b4213444f2db988c9cf085aa236/show?type=xqd&productType=XIAOHUA_LOAN_REQUEST_C,"3,509 元",https://www.madailicai.com/whiteCollar/list/3
2018-10-13 19:48:03 开售,/product/c8b612791c234c91b86d2386d55cbe03/show?type=xqd&productType=XIAOHUA_LOAN_REQUEST_C,"15,304 元",https://www.madailicai.com/whiteCollar/list/3
2018-10-13 19:48:06 开售,/product/53efb908ec0f40508854ba47e478a98d/show?type=xqd&productType=XIAOHUA_LOAN_REQUEST_C,"1,608 元",https://www.madailicai.com/whiteCollar/list/4
2018-10-13 19:48:07 开售,/product/82843f9d6ddc49f1a232d866ba924f6b/show?type=xqd&productType=XIAOHUA_LOAN_REQUEST_C,"11,696 元",https://www.madailicai.com/whiteCollar/list/4
2018-10-13 19:48:08 开售,/product/9e2865425a3e4fa0abd84e99ab5a799e/show?type=xqd&productType=XIAOHUA_LOAN_REQUEST_C,"1,462 元",https://www.madailicai.com/whiteCollar/list/4
2018-10-13 19:48:04 开售,/product/e7d45d9988ae474ca30590285775456d/show?type=xqd&productType=XIAOHUA_LOAN_REQUEST_C,"15,304 元",https://www.madailicai.com/whiteCollar/list/4
2018-10-13 19:48:06 开售,/product/d4e926b6eb9c4fe78881f6aca79b9476/show?type=xqd&productType=XIAOHUA_LOAN_REQUEST_C,"3,655 元",https://www.madailicai.com/whiteCollar/list/4
2018-10-13 19:48:04 开售,/product/f21746accc03483ea3108ebe9d6ee41e/show?type=xqd&productType=XIAOHUA_LOAN_REQUEST_C,"4,386 元",https://www.madailicai.com/whiteCollar/list/4
2018-10-13 19:48:02 开售,/product/c7e1f1f2194846f4adba83d1bd9f86d4/show?type=xqd&productType=XIAOHUA_LOAN_REQUEST,"2,944 元",https://www.madailicai.com/whiteCollar/list/4
2018-10-13 19:48:08 开售,/product/1fc1af78949e43a68aba1cd7d364a3d1/show?type=xqd&productType=XIAOHUA_LOAN_REQUEST,"5,751 元",https://www.madailicai.com/whiteCollar/list/4
2018-10-12 18:03:10 开售,/product/7e433af664bc4cf888a9ad5e494fe7f7/show?page=,"72,400 元",https://www.madailicai.com/product/list/9
2018-10-12 18:03:05 开售,/product/59a2d02ff1814e3a8d4eb7c5f79163e5/show?page=,"43,400 元",https://www.madailicai.com/product/list/9
2018-10-12 18:03:10 开售,/product/0eaf366ceb1544feb2b3f12c2912a48b/show?page=,"69,500 元",https://www.madailicai.com/product/list/9
2018-10-13 10:33:08 开售,/product/cfcbf46fae1d463fbd4e94abed0fcd85/show?page=,"25,700 元",https://www.madailicai.com/product/list/2
2018-10-13 10:33:08 开售,/product/0cc749d71544451f83d60cbfc59cdf89/show?page=,"29,500 元",https://www.madailicai.com/product/list/2
2018-10-13 10:33:08 开售,/product/3ef84d82ebd548c7a5f2fc35212639b9/show?page=,"35,600 元",https://www.madailicai.com/product/list/2
2018-10-13 10:48:12 开售,/product/df898a1c274142f5b0fb1ec5ba5d4a1d/show?page=,"21,400 元",https://www.madailicai.com/product/list/2
2018-10-13 10:48:12 开售,/product/9f51ec8e236a48dbb3c4d158d2c1ca7c/show?page=,"28,500 元",https://www.madailicai.com/product/list/2
2018-10-13 11:03:03 开售,/product/5752f5624b444306987799c94a61e156/show?page=,"42,700 元",https://www.madailicai.com/product/list/2
2018-10-13 10:33:05 开售,/product/a076aa3035be4c4aaea9de0d6b0c01a7/show?page=,"32,800 元",https://www.madailicai.com/product/list/2
2018-10-13 11:03:01 开售,/product/492a4413603240469a71523880b71ac9/show?page=,"32,800 元",https://www.madailicai.com/product/list/2
2018-10-13 11:03:05 开售,/product/9db4705eb1744a489bb3f17e11bb913a/show?page=,"46,600 元",https://www.madailicai.com/product/list/2
2018-10-13 11:18:02 开售,/product/a2cb98539cae45bb83e7d9030124264d/show?page=,"23,300 元",https://www.madailicai.com/product/list/2
2018-10-13 20:03:03 开售,/product/fbd27786f685462eab1a45a10d55e615/show?type=xqd&productType=XIAOHUA_LOAN_REQUEST_C,"22,344 元",https://www.madailicai.com/whiteCollar/list/1
2018-10-13 20:03:01 开售,/product/784a6a86b1dc4b5881ba764c3cbdb852/show?type=xqd&productType=XIAOHUA_LOAN_REQUEST,"1,435 元",https://www.madailicai.com/whiteCollar/list/1
2018-10-13 20:03:01 开售,/product/7433fc2065c0427ea27a2f4f4ae072e6/show?type=xqd&productType=XIAOHUA_LOAN_REQUEST_C,"4,386 元",https://www.madailicai.com/whiteCollar/list/1
2018-10-13 20:03:03 开售,/product/5a61ad809b7a4f3a80647142eb47148e/show?type=xqd&productType=XIAOHUA_LOAN_REQUEST_C,"2,924 元",https://www.madailicai.com/whiteCollar/list/1
2018-10-13 20:03:04 开售,/product/37e8fb151da7452a9701e2c5f3de8266/show?type=xqd&productType=XIAOHUA_LOAN_REQUEST,"7,366 元",https://www.madailicai.com/whiteCollar/list/1
2018-10-13 20:03:03 开售,/product/f2c7f6b92c964f0a9ba7ee7c0e766d56/show?type=xqd&productType=XIAOHUA_LOAN_REQUEST,"2,933 元",https://www.madailicai.com/whiteCollar/list/1
2018-10-13 20:03:01 开售,/product/8f122a09386649829d235cc0e467dbc9/show?type=xqd&productType=XIAOHUA_LOAN_REQUEST,"5,744 元",https://www.madailicai.com/whiteCollar/list/1
2018-10-13 20:03:01 开售,/product/e75143626a4d409d982654bac27b0738/show?type=xqd&productType=XIAOHUA_LOAN_REQUEST,"2,491 元",https://www.madailicai.com/whiteCollar/list/1
2018-10-13 20:03:03 开售,/product/0275774234134bb2983539f374d62e77/show?type=xqd&productType=XIAOHUA_LOAN_REQUEST,"2,922 元",https://www.madailicai.com/whiteCollar/list/1
2018-10-13 20:03:02 开售,/product/e8a8c75012f249a1af676f412005482c/show?type=xqd&productType=XIAOHUA_LOAN_REQUEST,"1,464 元",https://www.madailicai.com/whiteCollar/list/1
2018-10-12 18:03:08 开售,/product/aca2cebfa22f4510a3155318c1fa3cf6/show?page=,"101,300 元",https://www.madailicai.com/product/list/8
2018-10-12 18:03:10 开售,/product/84361207cbea4199a5e0fd0700a7dd0b/show?page=,"37,300 元",https://www.madailicai.com/product/list/8
2018-10-12 18:03:02 开售,/product/441de9dabb404f91a8550299c2817a98/show?page=,"25,700 元",https://www.madailicai.com/product/list/8
2018-10-12 18:18:16 开售,/product/d2ba33322dff49149e2be7d19c67fb58/show?page=,"184,100 元",https://www.madailicai.com/product/list/8
2018-10-12 18:18:10 开售,/product/eb5a1c4826c0487db550d1e9d7284219/show?page=,"3,900 元",https://www.madailicai.com/product/list/8
2018-10-12 18:18:04 开售,/product/4945c344e4ca4de7a29b3fa534c7a4e7/show?page=,"184,100 元",https://www.madailicai.com/product/list/8
2018-10-12 18:18:07 开售,/product/bd90c60aeea2407e8f4b8df1339b4549/show?page=,"135,000 元",https://www.madailicai.com/product/list/8
2018-10-12 18:18:14 开售,/product/7aac3c62ee7f457986ca836f12ff1c41/show?page=,"50,700 元",https://www.madailicai.com/product/list/8
2018-10-12 18:18:16 开售,/product/8d668f8a45ca4a3ba44a16a1745aeb58/show?page=,"125,000 元",https://www.madailicai.com/product/list/8
2018-10-12 18:18:04 开售,/product/587e24cf9ce14b399e1c774bd800ed6e/show?page=,"144,700 元",https://www.madailicai.com/product/list/8
2018-10-12 18:18:10 开售,/product/7823f6aa290b439eaa7e20d45d0ded6a/show?page=,"75,600 元",https://www.madailicai.com/product/list/7
2018-10-12 18:18:14 开售,/product/56ac08ae17a042bebbbbc788e24974f3/show?page=,"70,800 元",https://www.madailicai.com/product/list/7
2018-10-12 18:18:14 开售,/product/86e954de4a0d4f2e98d5dbaa42bc909c/show?page=,"99,100 元",https://www.madailicai.com/product/list/7
2018-10-12 18:18:10 开售,/product/488d2b6253f74c77af727b5e11e037c4/show?page=,"43,400 元",https://www.madailicai.com/product/list/7
2018-10-12 18:18:07 开售,/product/cc99321ebbde4c6d82572cde048a9b61/show?page=,"92,100 元",https://www.madailicai.com/product/list/7
2018-10-12 18:33:05 开售,/product/73fe9960d0de4acb822592a920032320/show?page=,"45,400 元",https://www.madailicai.com/product/list/7
2018-10-12 18:33:05 开售,/product/3e7c5cf01e9347cc992d51e09b6dd745/show?page=,"24,200 元",https://www.madailicai.com/product/list/7
2018-10-12 18:33:06 开售,/product/bda41305c9da4b0ea9ecf7842269431e/show?page=,"106,200 元",https://www.madailicai.com/product/list/7
2018-10-12 18:33:08 开售,/product/c9fc97a147a34affa1fae4858a62df52/show?page=,"92,100 元",https://www.madailicai.com/product/list/7
2018-10-12 18:33:03 开售,/product/e4a035716c854f8f909233cafe17e478/show?page=,"158,800 元",https://www.madailicai.com/product/list/7
2018-10-13 00:03:01 开售,/product/7587d13d19a043ff9168a1bdef1cefde/show?page=,"28,500 元",https://www.madailicai.com/product/list/3
2018-10-13 01:18:01 开售,/product/e6aa00f6180d40509ed76061f1b2115b/show?page=,"35,600 元",https://www.madailicai.com/product/list/3
2018-10-13 07:03:01 开售,/product/3ea19cdb4dbf464d95fcdfdddaa74746/show?page=,"27,100 元",https://www.madailicai.com/product/list/3
2018-10-13 09:33:02 开售,/product/c8ec16b8567148bda5d605a7683047d4/show?page=,"14,300 元",https://www.madailicai.com/product/list/3
2018-10-13 08:18:07 开售,/product/2f86e5576f164f58bccb496f542ec0bb/show?page=,"27,100 元",https://www.madailicai.com/product/list/3
2018-10-13 07:18:05 开售,/product/1fbaa0296fb949579456a07420eb898e/show?page=,"35,600 元",https://www.madailicai.com/product/list/3
2018-10-13 09:33:07 开售,/product/7dc58d58688c48b99a307c2c6366192b/show?page=,"21,400 元",https://www.madailicai.com/product/list/3
2018-10-13 10:33:06 开售,/product/e0effd5240774967b8ffff6174394021/show?page=,"32,600 元",https://www.madailicai.com/product/list/3
2018-10-13 10:33:06 开售,/product/f5358f486f93417e989b516c0e324494/show?page=,"6,500 元",https://www.madailicai.com/product/list/3
2018-10-12 18:48:03 开售,/product/305015cfa68e4ed8874c85d316772a43/show?page=,"37,800 元",https://www.madailicai.com/product/list/5
2018-10-12 18:48:03 开售,/product/9ef1bb8c1688499a93e5a627e20866af/show?page=,"111,400 元",https://www.madailicai.com/product/list/5
2018-10-12 19:03:05 开售,/product/c410a3aeb7884a9dada69a9b8a71a68a/show?page=,"75,600 元",https://www.madailicai.com/product/list/5
2018-10-12 19:03:03 开售,/product/c9f23b54cd8f464893581b33b08cde2c/show?page=,"78,800 元",https://www.madailicai.com/product/list/5
2018-10-12 19:03:06 开售,/product/0bfbe51501c84a55a39da2ded1be5975/show?page=,"68,100 元",https://www.madailicai.com/product/list/5
2018-10-12 18:33:03 开售,/product/9c7014ade0f546afb424889f0885955e/show?page=,"123,000 元",https://www.madailicai.com/product/list/6
2018-10-12 19:03:01 开售,/product/199d6e212b134653be03c4454c0043b3/show?page=,"24,200 元",https://www.madailicai.com/product/list/5
2018-10-12 19:03:01 开售,/product/ff582c00ae1d4e37a94122d8a90ed493/show?page=,"72,400 元",https://www.madailicai.com/product/list/5
2018-10-12 19:03:05 开售,/product/2b4a98a89b2f4edd82660569b00f8df0/show?page=,"21,400 元",https://www.madailicai.com/product/list/5
2018-10-12 19:18:07 开售,/product/d5630dea07184e65b969618e7b3e7013/show?page=,"144,700 元",https://www.madailicai.com/product/list/5
2018-10-12 18:33:02 开售,/product/ee81815acb424142a9f5f0bd574f512c/show?page=,"65,100 元",https://www.madailicai.com/product/list/6
2018-10-12 18:33:07 开售,/product/6abf9dbf64c146668336ad3c09db1908/show?page=,"180,900 元",https://www.madailicai.com/product/list/6
2018-10-12 18:33:07 开售,/product/67f133968690490e9cb066283b9918f4/show?page=,"75,600 元",https://www.madailicai.com/product/list/6
2018-10-12 18:33:05 开售,/product/a7bd77a0d77341198abe1b6876f977fc/show?page=,"36,200 元",https://www.madailicai.com/product/list/6
2018-10-12 18:33:07 开售,/product/d1454fc70ef846bd8433650ef67574e5/show?page=,"68,000 元",https://www.madailicai.com/product/list/6
2018-10-12 18:48:14 开售,/product/c818c7b8081c482fb083a5a4ff25fcee/show?page=,"26,300 元",https://www.madailicai.com/product/list/6
2018-10-12 18:48:12 开售,/product/926b383f1f404d0f8a11819037afadf5/show?page=,"43,500 元",https://www.madailicai.com/product/list/6
2018-10-12 18:48:03 开售,/product/052f950e425a45b0b359e468a1b5ea87/show?page=,"75,600 元",https://www.madailicai.com/product/list/6
2018-10-12 18:48:03 开售,/product/2aa881046ca64f1eb9c50c0d10459dd0/show?page=,"137,500 元",https://www.madailicai.com/product/list/6
2018-10-13 14:18:05 开售,/product/608ef5f8af634fc880f8cde6913c2e20/show?page=,"27,100 元",https://www.madailicai.com/product/list/1
2018-10-13 14:33:06 开售,/product/c9d8e39806c5437cb6880733be2bed39/show?page=,"15,600 元",https://www.madailicai.com/product/list/1
2018-10-13 17:18:05 开售,/product/f3261b9890ed460eb50cfb44d7717133/show?page=,"29,900 元",https://www.madailicai.com/product/list/1
2018-10-13 20:03:02 开售,/product/88b79fcb3e8b40958253a3116ced2a49/show?page=,"14,300 元",https://www.madailicai.com/product/list/1
2018-10-13 15:03:01 开售,/product/3dd0e793858f4096843922b7d27bb749/show?page=,"21,400 元",https://www.madailicai.com/product/list/1
2018-10-13 15:18:02 开售,/product/c024284599234ac49d39d81bebdd019e/show?page=,"27,100 元",https://www.madailicai.com/product/list/1
2018-10-13 18:48:04 开售,/product/619319b412c54ca999ebe3d6b5f81c37/show?page=,"31,400 元",https://www.madailicai.com/product/list/1
2018-10-12 19:48:14 开售,/product/9996ac6639ed407e9ba7679f5ed8ed24/show?page=,"14,300 元",https://www.madailicai.com/product/list/4
2018-10-12 19:48:12 开售,/product/b36da2545c474e1199906817cd5f1aa8/show?page=,"15,700 元",https://www.madailicai.com/product/list/4
2018-10-12 19:18:06 开售,/product/82d7b83df1394be39b07d338b07dd2fe/show?page=,"42,500 元",https://www.madailicai.com/product/list/4
2018-10-12 22:18:06 开售,/product/7b7ebb7ba8e54a0a8e6b8650809d6f52/show?page=,"21,400 元",https://www.madailicai.com/product/list/4
2018-10-12 22:48:04 开售,/product/38deb5dc429b4835837c21d59ad1dfa0/show?page=,"21,400 元",https://www.madailicai.com/product/list/4
2018-10-12 20:03:08 开售,/product/877dd337a63245c296ed624310995472/show?page=,"14,300 元",https://www.madailicai.com/product/list/4
2018-10-12 20:03:03 开售,/product/222c7873d37d43128d018b00b919e5d0/show?page=,"35,700 元",https://www.madailicai.com/product/list/4
2018-10-12 21:03:07 开售,/product/29591e4d8c8d402f9f07d87840635094/show?page=,"23,300 元",https://www.madailicai.com/product/list/4
2018-10-12 23:03:01 开售,/product/974b1671357a4d01bce3d3b11723b508/show?page=,"21,400 元",https://www.madailicai.com/product/list/4
2018-10-12 23:48:01 开售,/product/092792d8c0374c19b8a151c95257b9f6/show?page=,"37,300 元",https://www.madailicai.com/product/list/4
